order_id,order_date,promised_date,actual_delivery_date,courier,city,payment_type,order_weekday,delay
ORD1,2025-07-09,2025-07-11,2025-07-11,XpressBees,Bangalore,Prepaid,2,0
ORD2,2025-07-28,2025-08-01,2025-08-03,XpressBees,Bangalore,COD,0,1
ORD3,2025-06-24,2025-06-28,2025-06-28,EcomExpress,Jaipur,Prepaid,1,0
ORD4,2025-07-08,2025-07-11,2025-07-11,Delhivery,Mumbai,COD,1,0
ORD5,2025-07-14,2025-07-16,2025-07-18,Delhivery,Bangalore,Prepaid,0,1
ORD6,2025-07-30,2025-08-03,2025-08-03,EcomExpress,Bangalore,COD,2,0
ORD7,2025-07-27,2025-07-31,2025-07-31,Delhivery,Bangalore,Prepaid,6,0
ORD8,2025-06-18,2025-06-20,2025-06-22,EcomExpress,Delhi,COD,2,1
ORD9,2025-06-20,2025-06-24,2025-06-26,XpressBees,Pune,COD,4,1
ORD10,2025-06-17,2025-06-20,2025-06-22,EcomExpress,Delhi,COD,1,1
ORD11,2025-06-26,2025-06-29,2025-06-29,EcomExpress,Pune,COD,3,0
ORD12,2025-06-08,2025-06-11,2025-06-13,XpressBees,Pune,COD,6,1
ORD13,2025-07-15,2025-07-18,2025-07-18,XpressBees,Jaipur,COD,1,0
ORD14,2025-07-30,2025-08-01,2025-08-02,Delhivery,Jaipur,Prepaid,2,1
ORD15,2025-06-09,2025-06-11,2025-06-11,XpressBees,Bangalore,COD,0,0
ORD16,2025-07-05,2025-07-07,2025-07-07,XpressBees,Jaipur,Prepaid,5,0
ORD17,2025-06-28,2025-07-02,2025-07-03,Delhivery,Pune,COD,5,1
ORD18,2025-06-24,2025-06-26,2025-06-26,XpressBees,Pune,Prepaid,1,0
ORD19,2025-06-01,2025-06-05,2025-06-05,Delhivery,Bangalore,Prepaid,6,0
ORD20,2025-06-14,2025-06-18,2025-06-20,XpressBees,Mumbai,Prepaid,5,1
ORD21,2025-06-13,2025-06-17,2025-06-17,XpressBees,Mumbai,COD,4,0
ORD22,2025-06-30,2025-07-02,2025-07-03,XpressBees,Jaipur,COD,0,1
ORD23,2025-07-02,2025-07-06,2025-07-06,XpressBees,Bangalore,COD,2,0
ORD24,2025-07-15,2025-07-18,2025-07-18,Delhivery,Jaipur,Prepaid,1,0
ORD25,2025-07-14,2025-07-17,2025-07-18,EcomExpress,Bangalore,COD,0,1
ORD26,2025-07-09,2025-07-12,2025-07-12,Delhivery,Mumbai,COD,2,0
ORD27,2025-07-22,2025-07-24,2025-07-24,Delhivery,Bangalore,COD,1,0
ORD28,2025-06-09,2025-06-12,2025-06-12,Delhivery,Mumbai,COD,0,0
ORD29,2025-06-15,2025-06-19,2025-06-21,EcomExpress,Mumbai,COD,6,1
ORD30,2025-07-22,2025-07-25,2025-07-27,XpressBees,Delhi,Prepaid,1,1
ORD31,2025-06-17,2025-06-21,2025-06-22,Delhivery,Delhi,COD,1,1
ORD32,2025-07-02,2025-07-04,2025-07-04,Delhivery,Bangalore,Prepaid,2,0
ORD33,2025-06-26,2025-06-29,2025-06-29,XpressBees,Pune,COD,3,0
ORD34,2025-06-17,2025-06-21,2025-06-21,EcomExpress,Jaipur,Prepaid,1,0
ORD35,2025-06-11,2025-06-15,2025-06-16,Delhivery,Mumbai,COD,2,1
ORD36,2025-06-03,2025-06-07,2025-06-09,XpressBees,Delhi,COD,1,1
ORD37,2025-06-07,2025-06-09,2025-06-09,Delhivery,Delhi,Prepaid,5,0
ORD38,2025-07-27,2025-07-29,2025-07-29,EcomExpress,Delhi,COD,6,0
ORD39,2025-06-26,2025-06-28,2025-06-28,Delhivery,Delhi,Prepaid,3,0
ORD40,2025-06-05,2025-06-07,2025-06-07,XpressBees,Mumbai,COD,3,0
ORD41,2025-06-16,2025-06-20,2025-06-22,EcomExpress,Mumbai,Prepaid,0,1
ORD42,2025-07-06,2025-07-09,2025-07-09,EcomExpress,Bangalore,COD,6,0
ORD43,2025-06-25,2025-06-27,2025-06-27,EcomExpress,Delhi,COD,2,0
ORD44,2025-07-11,2025-07-13,2025-07-13,Delhivery,Jaipur,COD,4,0
ORD45,2025-06-08,2025-06-12,2025-06-12,XpressBees,Mumbai,COD,6,0
ORD46,2025-07-29,2025-08-02,2025-08-02,EcomExpress,Jaipur,COD,1,0
ORD47,2025-06-27,2025-06-30,2025-06-30,Delhivery,Mumbai,COD,4,0
ORD48,2025-06-05,2025-06-07,2025-06-07,XpressBees,Pune,COD,3,0
ORD49,2025-06-17,2025-06-20,2025-06-20,Delhivery,Jaipur,Prepaid,1,0
ORD50,2025-07-07,2025-07-09,2025-07-09,Delhivery,Jaipur,COD,0,0
ORD51,2025-07-22,2025-07-26,2025-07-27,Delhivery,Jaipur,COD,1,1
ORD52,2025-06-18,2025-06-20,2025-06-22,EcomExpress,Delhi,Prepaid,2,1
ORD53,2025-07-02,2025-07-06,2025-07-06,EcomExpress,Delhi,COD,2,0
ORD54,2025-06-26,2025-06-28,2025-06-28,Delhivery,Mumbai,Prepaid,3,0
ORD55,2025-06-29,2025-07-02,2025-07-02,XpressBees,Delhi,Prepaid,6,0
ORD56,2025-06-13,2025-06-16,2025-06-18,XpressBees,Mumbai,Prepaid,4,1
ORD57,2025-07-16,2025-07-19,2025-07-19,XpressBees,Pune,COD,2,0
ORD58,2025-06-22,2025-06-26,2025-06-28,Delhivery,Delhi,COD,6,1
ORD59,2025-07-28,2025-07-31,2025-07-31,Delhivery,Pune,COD,0,0
ORD60,2025-07-13,2025-07-15,2025-07-15,Delhivery,Jaipur,COD,6,0
ORD61,2025-07-09,2025-07-12,2025-07-12,Delhivery,Pune,COD,2,0
ORD62,2025-07-10,2025-07-12,2025-07-14,EcomExpress,Pune,Prepaid,3,1
ORD63,2025-06-19,2025-06-22,2025-06-22,XpressBees,Delhi,COD,3,0
ORD64,2025-06-23,2025-06-27,2025-06-28,Delhivery,Pune,COD,0,1
ORD65,2025-07-17,2025-07-20,2025-07-20,EcomExpress,Mumbai,Prepaid,3,0
ORD66,2025-06-16,2025-06-18,2025-06-18,XpressBees,Jaipur,Prepaid,0,0
ORD67,2025-06-12,2025-06-15,2025-06-17,XpressBees,Jaipur,COD,3,1
ORD68,2025-06-05,2025-06-09,2025-06-11,Delhivery,Pune,COD,3,1
ORD69,2025-07-18,2025-07-20,2025-07-20,XpressBees,Pune,COD,4,0
ORD70,2025-06-23,2025-06-26,2025-06-26,EcomExpress,Jaipur,Prepaid,0,0
ORD71,2025-06-10,2025-06-13,2025-06-13,XpressBees,Delhi,COD,1,0
ORD72,2025-07-15,2025-07-19,2025-07-19,EcomExpress,Mumbai,Prepaid,1,0
ORD73,2025-06-20,2025-06-23,2025-06-23,XpressBees,Pune,COD,4,0
ORD74,2025-07-13,2025-07-15,2025-07-15,XpressBees,Mumbai,Prepaid,6,0
ORD75,2025-07-14,2025-07-16,2025-07-17,Delhivery,Pune,COD,0,1
ORD76,2025-07-20,2025-07-24,2025-07-26,XpressBees,Mumbai,Prepaid,6,1
ORD77,2025-06-26,2025-06-29,2025-06-30,EcomExpress,Bangalore,COD,3,1
ORD78,2025-07-20,2025-07-22,2025-07-23,XpressBees,Jaipur,COD,6,1
ORD79,2025-07-27,2025-07-30,2025-07-30,Delhivery,Mumbai,COD,6,0
ORD80,2025-07-05,2025-07-08,2025-07-08,Delhivery,Jaipur,COD,5,0
ORD81,2025-06-23,2025-06-25,2025-06-25,XpressBees,Mumbai,COD,0,0
ORD82,2025-06-20,2025-06-22,2025-06-22,EcomExpress,Jaipur,Prepaid,4,0
ORD83,2025-06-12,2025-06-14,2025-06-14,Delhivery,Bangalore,COD,3,0
ORD84,2025-06-14,2025-06-18,2025-06-18,XpressBees,Delhi,Prepaid,5,0
ORD85,2025-07-05,2025-07-07,2025-07-07,XpressBees,Jaipur,Prepaid,5,0
ORD86,2025-07-27,2025-07-31,2025-08-01,Delhivery,Jaipur,COD,6,1
ORD87,2025-07-28,2025-07-30,2025-08-01,XpressBees,Jaipur,COD,0,1
ORD88,2025-06-09,2025-06-12,2025-06-12,EcomExpress,Pune,Prepaid,0,0
ORD89,2025-07-16,2025-07-18,2025-07-18,EcomExpress,Mumbai,Prepaid,2,0
ORD90,2025-06-05,2025-06-07,2025-06-07,Delhivery,Bangalore,COD,3,0
ORD91,2025-06-22,2025-06-24,2025-06-26,XpressBees,Mumbai,COD,6,1
ORD92,2025-07-01,2025-07-05,2025-07-05,Delhivery,Pune,COD,1,0
ORD93,2025-06-26,2025-06-30,2025-06-30,XpressBees,Bangalore,COD,3,0
ORD94,2025-07-28,2025-07-30,2025-07-30,XpressBees,Mumbai,Prepaid,0,0
ORD95,2025-06-28,2025-07-01,2025-07-01,Delhivery,Pune,COD,5,0
ORD96,2025-07-08,2025-07-10,2025-07-10,EcomExpress,Delhi,COD,1,0
ORD97,2025-07-17,2025-07-19,2025-07-20,EcomExpress,Jaipur,Prepaid,3,1
ORD98,2025-06-19,2025-06-21,2025-06-21,EcomExpress,Mumbai,COD,3,0
ORD99,2025-06-01,2025-06-03,2025-06-05,EcomExpress,Bangalore,Prepaid,6,1
ORD100,2025-06-10,2025-06-13,2025-06-13,Delhivery,Delhi,COD,1,0
ORD101,2025-07-28,2025-07-31,2025-07-31,Delhivery,Mumbai,COD,0,0
ORD102,2025-06-17,2025-06-19,2025-06-19,Delhivery,Jaipur,Prepaid,1,0
ORD103,2025-06-29,2025-07-01,2025-07-01,EcomExpress,Bangalore,Prepaid,6,0
ORD104,2025-06-05,2025-06-09,2025-06-09,Delhivery,Delhi,COD,3,0
ORD105,2025-07-29,2025-07-31,2025-07-31,Delhivery,Mumbai,Prepaid,1,0
ORD106,2025-07-17,2025-07-19,2025-07-20,XpressBees,Jaipur,Prepaid,3,1
ORD107,2025-06-27,2025-06-29,2025-06-29,Delhivery,Mumbai,COD,4,0
ORD108,2025-06-01,2025-06-03,2025-06-03,XpressBees,Pune,Prepaid,6,0
ORD109,2025-07-08,2025-07-12,2025-07-12,Delhivery,Jaipur,Prepaid,1,0
ORD110,2025-06-19,2025-06-21,2025-06-21,Delhivery,Mumbai,COD,3,0
ORD111,2025-06-13,2025-06-16,2025-06-17,Delhivery,Mumbai,Prepaid,4,1
ORD112,2025-06-08,2025-06-12,2025-06-12,EcomExpress,Delhi,COD,6,0
ORD113,2025-07-29,2025-08-01,2025-08-01,Delhivery,Pune,COD,1,0
ORD114,2025-07-27,2025-07-29,2025-07-29,XpressBees,Jaipur,Prepaid,6,0
ORD115,2025-07-21,2025-07-25,2025-07-25,EcomExpress,Pune,Prepaid,0,0
ORD116,2025-06-18,2025-06-21,2025-06-21,XpressBees,Bangalore,COD,2,0
ORD117,2025-07-27,2025-07-30,2025-07-30,Delhivery,Pune,COD,6,0
ORD118,2025-06-17,2025-06-19,2025-06-19,Delhivery,Pune,COD,1,0
ORD119,2025-06-17,2025-06-19,2025-06-20,EcomExpress,Jaipur,COD,1,1
ORD120,2025-07-18,2025-07-22,2025-07-22,XpressBees,Mumbai,COD,4,0
